Tcin,Tcout,Thin,Thout,Tcold,Thot
0.3074444451305699,0.0813137296365688,0.43750020014677904,0.8249187522206488,0.715719273157452,0.399182636860378
0.9514071331689012,0.19592656334905378,0.11889328799215948,0.07217238693992356,0.2528483008162743,0.4037810208365431
0.652759385911072,0.5109616714559695,0.3261983268810038,0.316253173895208,0.181803282890739,0.49577516429330626
0.28562095021985356,0.4575374524619834,0.18875524118755116,0.4421650053830438,0.1110532091400992,0.6919847598022119
0.600825388887408,0.8441374244632128,0.7842495230816516,0.09010953644915476,0.9285289203679232,0.13026714401153527
0.3077066812892628,0.5697793833342928,0.7566133978040857,0.3732314936693276,0.2678247119248245,0.10495739240281521
0.09760835712575489,0.15919825192446313,0.8110535197313599,0.23928014599670044,0.9061846415571896,0.6061908420799323
